#,Name,Team,BABIP,GB/FB,LD%,GB%,FB%,IFFB%,HR/FB,IFH,IFH%,BUH,BUH%,Pull%,Cent%,Oppo%,Soft%,Med%,Hard%
1,Brett Gardner,Yankees,0.271,1.45,17.1 %,49.0 %,33.9 %,10.2 %,8.8 %,23,11.6 %,1,14.3 %,36.5 %,37.2 %,26.3 %,19.5 %,53.0 %,27.5 %
2,DJ LeMahieu,Rockies,0.297,1.62,21.2 %,48.8 %,30.0 %,3.2 %,12.0 %,14,6.9 %,0,0.0 %,29.2 %,41.2 %,29.7 %,15.8 %,48.1 %,36.1 %
3,Andrew McCutchen,- - -,0.303,1.13,22.2 %,41.2 %,36.5 %,8.1 %,12.8 %,14,8.4 %,0,0.0 %,44.0 %,35.6 %,20.5 %,13.3 %,43.2 %,43.5 %
4,Brian Dozier,- - -,0.244,0.91,16.9 %,39.7 %,43.5 %,16.4 %,10.9 %,13,7.8 %,1,100.0 %,50.2 %,34.1 %,15.6 %,16.8 %,45.7 %,37.4 %
5,Kyle Seager,Mariners,0.249,0.78,21.5 %,34.4 %,44.0 %,8.0 %,11.7 %,5,3.4 %,0,0.0 %,44.4 %,35.5 %,20.1 %,10.5 %,52.3 %,37.2 %
6,Nolan Arenado,Rockies,0.315,1.05,21.5 %,40.3 %,38.2 %,12.6 %,20.4 %,7,4.0 %,0,0.0 %,39.7 %,36.5 %,23.7 %,15.1 %,42.0 %,42.9 %
7,Jason Kipnis,Indians,0.253,0.74,21.4 %,33.4 %,45.1 %,9.9 %,9.4 %,5,3.7 %,3,60.0 %,39.2 %,36.7 %,24.1 %,19.5 %,45.8 %,34.7 %
8,Justin Bour,- - -,0.276,1.24,19.7 %,44.5 %,35.9 %,17.3 %,19.2 %,3,2.3 %,1,50.0 %,41.8 %,36.6 %,21.6 %,22.6 %,39.4 %,38.0 %
9,Evan Longoria,Giants,0.276,1.06,18.8 %,41.7 %,39.5 %,9.2 %,11.3 %,7,4.7 %,0,0.0 %,41.7 %,33.6 %,24.7 %,14.3 %,43.1 %,42.6 %
10,Chris Davis,Orioles,0.239,1.01,20.5 %,39.9 %,39.6 %,5.5 %,14.5 %,6,5.4 %,0,0.0 %,40.4 %,32.5 %,27.1 %,13.2 %,51.1 %,35.7 %
11,Starling Marte,Pirates,0.315,1.54,16.3 %,50.7 %,32.9 %,7.3 %,13.9 %,24,11.4 %,5,50.0 %,40.1 %,35.2 %,24.7 %,19.7 %,47.0 %,33.3 %
12,Paul Goldschmidt,Diamondbacks,0.366,1.07,25.4 %,38.6 %,36.1 %,10.3 %,22.8 %,10,6.5 %,0,0.0 %,38.1 %,36.1 %,25.9 %,16.4 %,36.6 %,47.0 %
13,Khris Davis,Athletics,0.273,0.77,16.5 %,36.2 %,47.3 %,7.7 %,23.5 %,6,4.3 %,0,0.0 %,35.9 %,39.8 %,24.3 %,10.9 %,43.9 %,45.2 %
14,Lorenzo Cain,Brewers,0.356,2.35,22.1 %,54.7 %,23.3 %,6.2 %,10.3 %,26,11.4 %,0,0.0 %,30.2 %,36.7 %,33.1 %,18.2 %,42.7 %,39.1 %
15,Justin Smoak,Blue Jays,0.301,0.91,18.0 %,39.0 %,43.0 %,7.4 %,16.9 %,7,5.2 %,0,0.0 %,48.8 %,29.9 %,21.2 %,13.7 %,52.0 %,34.3 %
16,Denard Span,- - -,0.294,1.22,26.3 %,40.5 %,33.2 %,8.7 %,9.6 %,4,2.9 %,3,60.0 %,38.2 %,29.9 %,31.9 %,18.5 %,50.4 %,31.1 %
17,Dee Gordon,Mariners,0.307,2.58,22.7 %,55.7 %,21.6 %,4.2 %,2.1 %,25,10.1 %,8,27.6 %,32.7 %,36.1 %,31.2 %,19.6 %,60.1 %,20.3 %
18,Matt Carpenter,Cardinals,0.296,0.55,27.6 %,25.7 %,46.7 %,1.7 %,19.9 %,6,6.2 %,8,88.9 %,48.5 %,28.5 %,23.1 %,9.6 %,41.2 %,49.2 %
19,Jose Martinez,Cardinals,0.351,1.76,26.2 %,47.0 %,26.7 %,3.7 %,14.8 %,12,6.3 %,0,0.0 %,31.7 %,33.4 %,34.9 %,14.4 %,46.3 %,39.4 %
20,Charlie Blackmon,Rockies,0.326,1.31,23.4 %,43.5 %,33.1 %,5.3 %,18.0 %,10,5.1 %,2,50.0 %,39.8 %,37.9 %,22.3 %,16.4 %,47.5 %,36.1 %
21,Miguel Rojas,Marlins,0.269,1.68,23.0 %,48.2 %,28.8 %,14.9 %,9.6 %,10,5.2 %,1,20.0 %,32.9 %,37.4 %,29.7 %,20.5 %,53.6 %,25.9 %
22,Ben Zobrist,Cubs,0.339,1.57,22.4 %,47.4 %,30.2 %,4.6 %,8.3 %,9,5.3 %,1,33.3 %,46.7 %,31.0 %,22.3 %,11.8 %,51.4 %,36.8 %
23,Salvador Perez,Royals,0.239,0.75,20.7 %,34.0 %,45.3 %,8.7 %,15.0 %,4,3.1 %,0,0.0 %,46.6 %,33.0 %,20.4 %,12.6 %,42.7 %,44.8 %
24,Carlos Gonzalez,Rockies,0.33,1.31,16.3 %,47.4 %,36.3 %,12.5 %,12.5 %,11,7.0 %,2,100.0 %,33.0 %,39.3 %,27.6 %,21.0 %,43.2 %,35.7 %
25,Ian Desmond,Rockies,0.279,2.83,16.6 %,61.7 %,21.8 %,7.1 %,23.8 %,16,6.7 %,0,0.0 %,29.5 %,41.6 %,28.9 %,20.9 %,44.4 %,34.6 %
26,Eduardo Nunez,Red Sox,0.29,1.48,18.4 %,48.6 %,32.9 %,18.7 %,7.5 %,20,10.1 %,0,0.0 %,33.3 %,37.8 %,28.9 %,25.3 %,47.3 %,27.5 %
27,Freddy Galvis,Padres,0.295,1.19,21.3 %,42.7 %,36.0 %,4.7 %,8.0 %,16,9.0 %,5,38.5 %,38.7 %,38.0 %,23.3 %,13.1 %,47.6 %,39.4 %
28,Adam Jones,Orioles,0.313,1.17,21.0 %,42.6 %,36.5 %,14.4 %,9.0 %,11,5.6 %,3,75.0 %,39.2 %,33.3 %,27.5 %,19.7 %,48.3 %,32.0 %
29,Alcides Escobar,Royals,0.256,1.39,21.4 %,45.7 %,32.8 %,11.0 %,3.1 %,15,8.5 %,1,6.7 %,41.8 %,34.3 %,23.9 %,19.7 %,50.0 %,30.4 %
30,Ian Kinsler,- - -,0.256,0.86,22.0 %,36.0 %,42.0 %,15.9 %,8.2 %,7,4.8 %,0,0.0 %,43.2 %,35.1 %,21.7 %,19.0 %,51.4 %,29.6 %
31,J.D. Martinez,Red Sox,0.375,1.34,22.7 %,44.2 %,33.1 %,2.2 %,29.9 %,15,8.2 %,0,0.0 %,38.2 %,31.4 %,30.4 %,10.9 %,44.7 %,44.4 %
32,Eduardo Escobar,- - -,0.304,0.72,24.5 %,31.7 %,43.8 %,5.4 %,12.0 %,10,7.5 %,0,0.0 %,40.0 %,34.1 %,26.0 %,14.5 %,46.9 %,38.6 %
33,Didi Gregorius,Yankees,0.259,0.94,19.4 %,39.1 %,41.5 %,12.4 %,14.7 %,7,4.2 %,4,80.0 %,40.3 %,37.3 %,22.5 %,22.7 %,41.4 %,35.9 %
34,Jean Segura,Mariners,0.332,1.78,19.2 %,51.8 %,29.1 %,14.9 %,6.4 %,26,10.4 %,3,30.0 %,36.2 %,40.4 %,23.4 %,21.2 %,52.9 %,25.9 %
35,Nick Markakis,Braves,0.322,1.4,27.1 %,42.5 %,30.5 %,6.2 %,8.6 %,12,5.3 %,0,0.0 %,31.4 %,38.9 %,29.7 %,13.4 %,46.2 %,40.4 %
36,Matt Kemp,Dodgers,0.332,0.91,26.8 %,34.8 %,38.3 %,6.2 %,15.4 %,5,4.2 %,0,0.0 %,41.9 %,35.7 %,22.4 %,13.3 %,44.0 %,42.8 %
37,Marwin Gonzalez,Astros,0.304,1.17,22.7 %,41.6 %,35.7 %,9.9 %,13.2 %,6,4.3 %,2,18.2 %,44.0 %,35.1 %,20.9 %,17.4 %,44.0 %,38.6 %
38,Jose Altuve,Astros,0.352,1.52,24.2 %,45.7 %,30.1 %,6.3 %,9.4 %,14,7.3 %,4,50.0 %,40.9 %,38.6 %,20.5 %,15.6 %,50.5 %,34.0 %
39,Freddie Freeman,Braves,0.358,1.15,32.1 %,36.4 %,31.5 %,2.0 %,15.4 %,9,5.2 %,0,0.0 %,43.1 %,31.3 %,25.6 %,11.0 %,46.5 %,42.5 %
40,Yangervis Solarte,Blue Jays,0.236,1.14,21.6 %,41.8 %,36.6 %,19.1 %,12.1 %,5,3.1 %,0,0.0 %,41.7 %,34.5 %,23.8 %,20.2 %,50.8 %,29.0 %
41,Brandon Crawford,Giants,0.309,1.44,26.2 %,43.5 %,30.3 %,11.8 %,10.9 %,9,5.3 %,0,0.0 %,31.7 %,39.0 %,29.4 %,18.0 %,45.8 %,36.2 %
42,Aaron Hicks,Yankees,0.264,1.04,21.9 %,39.8 %,38.4 %,11.1 %,17.8 %,11,7.9 %,2,28.6 %,45.1 %,36.5 %,18.4 %,18.1 %,42.3 %,39.6 %
43,Jon Jay,- - -,0.324,3.54,24.6 %,58.8 %,16.6 %,1.4 %,4.3 %,9,3.7 %,4,40.0 %,33.7 %,34.6 %,31.8 %,12.7 %,52.0 %,35.3 %
44,Justin Upton,Angels,0.322,1.18,22.0 %,42.3 %,35.7 %,8.8 %,24.0 %,16,10.8 %,0,0.0 %,45.7 %,33.1 %,21.1 %,16.0 %,39.4 %,44.6 %
45,Alex Gordon,Royals,0.297,1.5,26.0 %,44.3 %,29.6 %,6.5 %,10.3 %,7,4.4 %,0,0.0 %,41.3 %,34.4 %,24.4 %,15.8 %,46.3 %,38.0 %
46,Asdrubal Cabrera,- - -,0.298,1.09,19.2 %,42.2 %,38.6 %,8.6 %,14.1 %,7,3.9 %,2,50.0 %,47.7 %,32.6 %,19.7 %,15.5 %,45.8 %,38.7 %
47,Giancarlo Stanton,Yankees,0.331,1.22,18.7 %,44.8 %,36.6 %,14.0 %,24.5 %,23,13.1 %,0,0.0 %,39.1 %,36.6 %,24.3 %,19.7 %,37.6 %,42.7 %
48,Ender Inciarte,Braves,0.292,1.47,23.8 %,45.3 %,30.8 %,6.0 %,6.7 %,20,9.1 %,3,21.4 %,40.4 %,34.4 %,25.2 %,19.7 %,48.3 %,32.0 %
49,Mike Moustakas,- - -,0.257,0.74,20.7 %,33.8 %,45.5 %,20.8 %,12.9 %,11,7.3 %,2,66.7 %,43.0 %,33.3 %,23.7 %,22.2 %,36.2 %,41.6 %
50,Starlin Castro,Marlins,0.335,1.72,20.4 %,50.3 %,29.3 %,7.5 %,9.0 %,22,9.6 %,0,0.0 %,40.0 %,38.3 %,21.7 %,16.2 %,46.6 %,37.2 %
51,Jed Lowrie,Athletics,0.307,0.77,23.3 %,33.4 %,43.3 %,6.8 %,10.9 %,12,8.1 %,0,0.0 %,41.9 %,32.9 %,25.2 %,13.5 %,46.4 %,40.1 %
52,Joey Votto,Reds,0.335,1.25,31.2 %,38.2 %,30.6 %,0.0 %,10.2 %,9,6.1 %,0,0.0 %,35.8 %,34.0 %,30.1 %,9.4 %,49.9 %,40.8 %
53,Michael Brantley,Indians,0.313,1.5,24.1 %,45.5 %,30.4 %,4.0 %,11.4 %,9,4.0 %,0,0.0 %,40.9 %,37.1 %,22.0 %,12.2 %,50.3 %,37.5 %
54,Victor Martinez,Tigers,0.257,1.09,24.5 %,39.3 %,36.2 %,9.9 %,5.9 %,6,3.6 %,1,100.0 %,42.5 %,32.1 %,25.4 %,15.4 %,47.7 %,36.8 %
55,Eric Hosmer,Padres,0.301,3.15,20.9 %,60.1 %,19.1 %,9.4 %,20.0 %,16,6.0 %,0,0.0 %,32.3 %,38.8 %,28.9 %,23.3 %,41.9 %,34.8 %
56,Anthony Rizzo,Cubs,0.28,1.07,24.7 %,39.0 %,36.3 %,8.5 %,14.5 %,11,6.2 %,0,0.0 %,45.2 %,34.0 %,20.8 %,16.9 %,49.1 %,34.0 %
57,Shin-Soo Choo,Rangers,0.334,1.75,21.7 %,49.9 %,28.4 %,1.8 %,19.1 %,12,6.2 %,1,33.3 %,37.2 %,35.9 %,26.9 %,13.9 %,42.8 %,43.3 %
58,Tommy Pham,- - -,0.337,1.82,22.8 %,49.8 %,27.3 %,3.3 %,20.9 %,14,8.4 %,0,0.0 %,38.0 %,39.8 %,22.2 %,12.6 %,38.3 %,49.1 %
59,Yonder Alonso,Indians,0.269,0.95,21.1 %,38.4 %,40.5 %,14.5 %,15.1 %,6,4.2 %,1,100.0 %,43.1 %,34.3 %,22.6 %,20.2 %,43.1 %,36.7 %
60,Nelson Cruz,Mariners,0.267,1.14,17.5 %,44.0 %,38.5 %,11.7 %,24.8 %,4,2.4 %,0,0.0 %,41.6 %,33.4 %,24.9 %,16.7 %,42.2 %,41.1 %
61,Carlos Santana,Phillies,0.234,0.9,16.0 %,39.8 %,44.3 %,17.8 %,11.7 %,11,6.2 %,0,0.0 %,48.4 %,30.7 %,20.9 %,21.8 %,44.6 %,33.6 %
62,Edwin Encarnacion,Indians,0.251,0.85,18.6 %,37.3 %,44.1 %,10.9 %,19.9 %,7,5.3 %,0,0.0 %,45.5 %,31.4 %,23.2 %,15.5 %,41.5 %,42.9 %
63,David Peralta,Diamondbacks,0.331,1.76,20.1 %,51.0 %,28.9 %,5.8 %,23.1 %,12,5.6 %,0,0.0 %,39.1 %,35.3 %,25.7 %,16.6 %,35.0 %,48.4 %
64,Yuli Gurriel,Astros,0.297,1.27,18.8 %,45.5 %,35.7 %,11.8 %,6.2 %,19,9.3 %,0,0.0 %,41.0 %,36.1 %,22.8 %,17.7 %,51.0 %,31.3 %
65,Joe Mauer,Twins,0.321,2.3,25.7 %,51.8 %,22.5 %,3.6 %,7.2 %,3,1.6 %,0,0.0 %,26.7 %,40.2 %,33.2 %,13.2 %,42.9 %,43.9 %
66,Dansby Swanson,Braves,0.294,1.15,19.9 %,42.7 %,37.3 %,12.2 %,10.7 %,9,6.0 %,3,33.3 %,43.1 %,31.7 %,25.3 %,17.5 %,46.7 %,35.8 %
67,Brian Anderson,Marlins,0.326,1.82,19.1 %,52.2 %,28.7 %,6.3 %,7.9 %,9,3.9 %,0,0.0 %,38.7 %,34.9 %,26.4 %,16.2 %,44.9 %,39.0 %
68,Andrew Benintendi,Red Sox,0.322,1.16,24.3 %,40.7 %,35.0 %,4.4 %,10.0 %,7,3.8 %,0,0.0 %,39.3 %,32.3 %,28.4 %,13.8 %,58.3 %,28.0 %
69,Alex Bregman,Astros,0.289,0.78,22.3 %,33.9 %,43.8 %,12.1 %,14.0 %,13,7.8 %,1,100.0 %,48.2 %,33.1 %,18.8 %,17.1 %,46.5 %,36.3 %
70,Yoan Moncada,White Sox,0.335,0.93,22.1 %,37.5 %,40.4 %,7.2 %,12.2 %,11,8.5 %,1,33.3 %,42.1 %,32.9 %,25.1 %,14.1 %,49.3 %,36.6 %
71,Ozzie Albies,Braves,0.292,0.95,20.7 %,38.6 %,40.6 %,9.4 %,10.9 %,15,7.8 %,3,50.0 %,44.3 %,30.8 %,24.9 %,16.5 %,48.9 %,34.6 %
72,Matt Chapman,Athletics,0.346,0.95,20.9 %,38.6 %,40.5 %,13.7 %,15.0 %,9,6.2 %,0,0.0 %,40.4 %,34.6 %,25.1 %,16.9 %,39.8 %,43.3 %
73,Kyle Schwarber,Cubs,0.286,1.15,19.3 %,43.1 %,37.5 %,9.9 %,24.8 %,6,5.2 %,3,60.0 %,43.1 %,33.2 %,23.7 %,16.4 %,42.7 %,40.9 %
74,Rhys Hoskins,Phillies,0.278,0.56,20.1 %,28.7 %,51.2 %,11.2 %,16.3 %,10,9.1 %,0,0.0 %,51.2 %,29.8 %,19.1 %,19.1 %,46.7 %,34.2 %
75,Michael Conforto,Mets,0.284,1.23,20.4 %,43.9 %,35.6 %,8.5 %,20.9 %,12,7.5 %,0,0.0 %,43.7 %,32.0 %,24.3 %,16.9 %,47.0 %,36.2 %
76,Trea Turner,Nationals,0.311,1.46,17.1 %,49.2 %,33.7 %,12.7 %,10.3 %,24,10.0 %,8,57.1 %,42.5 %,35.7 %,21.8 %,19.1 %,49.4 %,31.6 %
77,Cody Bellinger,Dodgers,0.313,0.99,19.9 %,39.9 %,40.2 %,14.8 %,14.8 %,15,9.7 %,0,0.0 %,45.2 %,32.3 %,22.5 %,17.8 %,42.1 %,40.1 %
78,Miguel Andujar,Yankees,0.317,1.28,20.2 %,44.7 %,35.1 %,13.5 %,16.0 %,22,11.1 %,0,0.0 %,47.4 %,29.2 %,23.4 %,19.6 %,44.7 %,35.7 %
79,Jose Abreu,White Sox,0.294,1.28,21.2 %,44.2 %,34.6 %,13.9 %,16.1 %,10,5.7 %,0,0.0 %,39.1 %,39.9 %,21.0 %,17.2 %,45.0 %,37.9 %
80,Amed Rosario,Mets,0.315,1.6,20.7 %,48.8 %,30.5 %,12.0 %,7.2 %,11,5.5 %,2,40.0 %,34.7 %,41.5 %,23.9 %,20.7 %,51.1 %,28.2 %
81,Ryon Healy,Mariners,0.262,1.24,19.1 %,44.8 %,36.1 %,12.1 %,18.2 %,5,3.0 %,1,50.0 %,44.3 %,35.1 %,20.7 %,17.4 %,47.8 %,34.8 %
82,Tim Anderson,White Sox,0.293,1.36,20.2 %,45.9 %,33.8 %,5.1 %,13.9 %,16,8.6 %,0,0.0 %,44.2 %,28.5 %,27.3 %,18.4 %,50.9 %,30.7 %
83,Trey Mancini,Orioles,0.28,1.96,18.9 %,53.7 %,27.4 %,7.3 %,20.9 %,11,5.1 %,0,0.0 %,37.8 %,35.3 %,26.9 %,19.9 %,46.8 %,33.3 %
84,Johan Camargo,Braves,0.311,1.29,20.2 %,44.9 %,34.8 %,17.1 %,15.4 %,12,7.9 %,0,0.0 %,41.7 %,32.7 %,25.6 %,19.1 %,45.2 %,35.7 %
85,Manuel Margot,Padres,0.283,1.22,19.9 %,44.0 %,36.1 %,14.4 %,5.3 %,10,6.2 %,3,50.0 %,39.8 %,35.0 %,25.3 %,19.6 %,41.9 %,38.4 %
86,Nomar Mazara,Rangers,0.3,2.1,19.3 %,54.6 %,26.1 %,7.5 %,21.5 %,17,8.7 %,0,0.0 %,38.1 %,36.7 %,25.2 %,18.8 %,42.9 %,38.4 %
87,Matt Olson,Athletics,0.291,0.81,21.9 %,35.0 %,43.1 %,14.6 %,15.8 %,7,5.0 %,0,0.0 %,41.5 %,34.4 %,24.1 %,13.6 %,39.2 %,47.2 %
88,Mitch Haniger,Mariners,0.333,1.14,21.7 %,41.7 %,36.6 %,9.6 %,16.6 %,14,7.8 %,0,0.0 %,44.5 %,36.8 %,18.7 %,16.3 %,46.4 %,37.3 %
89,Joey Gallo,Rangers,0.258,0.57,21.1 %,28.7 %,50.2 %,12.3 %,26.8 %,2,2.5 %,2,100.0 %,44.8 %,30.7 %,24.6 %,12.6 %,39.4 %,48.0 %
90,Joey Wendle,Rays,0.357,1.45,21.7 %,46.4 %,31.9 %,9.2 %,5.9 %,6,3.5 %,1,33.3 %,35.9 %,35.4 %,28.7 %,15.2 %,48.1 %,36.7 %
91,Matt Duffy,Rays,0.358,2.59,25.9 %,53.5 %,20.6 %,8.4 %,4.8 %,15,7.0 %,1,100.0 %,28.8 %,37.7 %,33.5 %,13.7 %,54.8 %,31.5 %
92,Chris Taylor,Dodgers,0.334,0.83,27.0 %,33.1 %,39.8 %,7.3 %,12.4 %,12,10.5 %,1,50.0 %,37.0 %,34.7 %,28.3 %,13.3 %,49.1 %,37.6 %
93,Jeimer Candelario,Tigers,0.284,1.03,18.0 %,41.6 %,40.4 %,12.3 %,13.0 %,8,5.3 %,0,0.0 %,47.9 %,28.5 %,23.6 %,20.5 %,44.3 %,35.2 %
94,Ketel Marte,Diamondbacks,0.275,1.79,18.7 %,52.2 %,29.2 %,11.5 %,9.8 %,13,6.0 %,0,0.0 %,36.6 %,38.7 %,24.7 %,21.4 %,43.5 %,35.2 %
95,Mookie Betts,Red Sox,0.358,0.77,20.7 %,34.4 %,44.9 %,9.5 %,15.9 %,13,9.0 %,0,0.0 %,47.5 %,34.7 %,17.8 %,12.6 %,42.8 %,44.7 %
96,Mallex Smith,Rays,0.37,2.11,24.8 %,51.0 %,24.2 %,6.0 %,2.4 %,24,13.7 %,4,23.5 %,30.6 %,37.2 %,32.2 %,18.9 %,53.1 %,28.1 %
97,Jose Peraza,Reds,0.309,0.96,25.8 %,36.3 %,37.9 %,7.6 %,6.6 %,15,7.9 %,8,32.0 %,35.6 %,35.4 %,29.0 %,18.7 %,52.1 %,29.2 %
98,Jose Ramirez,Indians,0.258,0.75,20.6 %,33.9 %,45.5 %,13.0 %,17.6 %,13,8.1 %,0,0.0 %,50.8 %,30.3 %,18.9 %,18.5 %,44.1 %,37.4 %
99,Stephen Piscotty,Athletics,0.292,1.39,22.1 %,45.2 %,32.6 %,5.1 %,19.0 %,14,7.4 %,0,0.0 %,38.6 %,37.6 %,23.8 %,13.1 %,45.0 %,41.9 %
100,Josh Bell,Pirates,0.316,1.51,19.6 %,48.4 %,32.0 %,9.2 %,8.4 %,14,7.8 %,0,0.0 %,34.5 %,36.9 %,28.6 %,18.7 %,48.1 %,33.2 %
101,Teoscar Hernandez,Blue Jays,0.316,0.84,20.3 %,36.4 %,43.3 %,10.6 %,15.2 %,7,6.3 %,0,0.0 %,37.7 %,36.4 %,25.9 %,16.4 %,45.6 %,38.0 %
102,Jackie Bradley Jr.,Red Sox,0.293,1.18,20.4 %,43.0 %,36.5 %,6.8 %,11.0 %,11,7.9 %,1,100.0 %,45.1 %,35.2 %,19.8 %,9.9 %,49.1 %,41.1 %
103,Javier Baez,Cubs,0.346,1.49,22.5 %,46.4 %,31.1 %,12.7 %,26.2 %,23,12.2 %,4,40.0 %,40.7 %,33.3 %,26.0 %,19.0 %,44.3 %,36.6 %
104,Brandon Nimmo,Mets,0.355,1.3,22.0 %,44.0 %,33.9 %,12.8 %,18.1 %,9,7.4 %,1,50.0 %,43.4 %,33.3 %,23.3 %,18.6 %,44.1 %,37.3 %
105,Francisco Lindor,Indians,0.286,0.99,22.1 %,38.8 %,39.2 %,10.3 %,17.6 %,12,5.9 %,1,25.0 %,40.0 %,34.7 %,25.3 %,15.6 %,43.2 %,41.1 %
106,Gregory Polanco,Pirates,0.287,0.7,18.6 %,33.5 %,47.9 %,12.0 %,13.8 %,9,7.7 %,2,100.0 %,45.9 %,34.5 %,19.7 %,20.2 %,45.9 %,33.9 %
107,Anthony Rendon,Nationals,0.32,0.78,24.3 %,33.3 %,42.5 %,10.0 %,12.2 %,7,5.0 %,1,100.0 %,40.7 %,32.7 %,26.6 %,14.1 %,47.3 %,38.6 %
108,George Springer,Astros,0.307,1.45,16.4 %,49.5 %,34.1 %,8.6 %,14.4 %,23,11.4 %,0,0.0 %,40.0 %,36.5 %,23.5 %,17.7 %,48.5 %,33.8 %
109,Trevor Story,Rockies,0.347,0.79,22.8 %,34.1 %,43.1 %,10.8 %,18.8 %,21,15.1 %,0,0.0 %,44.2 %,34.2 %,21.7 %,16.1 %,39.5 %,44.4 %
110,Eugenio Suarez,Reds,0.325,1.03,25.4 %,37.8 %,36.8 %,2.9 %,23.5 %,8,5.7 %,0,0.0 %,41.9 %,35.7 %,22.4 %,8.4 %,43.2 %,48.4 %
111,C.J. Cron,Rays,0.299,1.05,21.5 %,40.3 %,38.2 %,19.5 %,21.1 %,7,5.2 %,0,0.0 %,46.3 %,32.8 %,20.9 %,21.8 %,38.5 %,39.7 %
112,Marcus Semien,Athletics,0.304,1.1,22.8 %,40.4 %,36.9 %,11.2 %,6.7 %,19,9.7 %,0,0.0 %,46.2 %,31.1 %,22.7 %,18.8 %,49.5 %,31.8 %
113,Kevin Pillar,Blue Jays,0.274,0.9,26.9 %,34.6 %,38.6 %,18.1 %,9.0 %,12,8.6 %,1,50.0 %,39.9 %,35.6 %,24.5 %,21.5 %,44.3 %,34.2 %
114,Rougned Odor,Rangers,0.308,1.07,19.1 %,41.8 %,39.1 %,10.9 %,15.1 %,9,7.1 %,8,38.1 %,48.0 %,34.8 %,17.2 %,14.8 %,39.7 %,45.5 %
115,Xander Bogaerts,Red Sox,0.313,1.23,20.8 %,43.8 %,35.5 %,9.9 %,14.8 %,16,9.1 %,0,0.0 %,43.6 %,34.4 %,22.0 %,16.5 %,45.9 %,37.7 %
116,Eddie Rosario,Twins,0.316,0.81,20.3 %,35.7 %,44.1 %,11.5 %,12.0 %,10,6.2 %,2,50.0 %,43.5 %,33.2 %,23.4 %,17.5 %,46.1 %,36.5 %
117,Nick Ahmed,Diamondbacks,0.274,1.16,25.2 %,40.1 %,34.7 %,8.9 %,11.9 %,5,3.2 %,1,25.0 %,38.4 %,36.9 %,24.7 %,17.8 %,43.0 %,39.2 %
118,Max Kepler,Twins,0.239,0.82,15.8 %,37.9 %,46.4 %,9.9 %,9.9 %,7,4.5 %,0,0.0 %,43.7 %,32.0 %,24.3 %,18.5 %,44.2 %,37.4 %
119,Travis Shaw,Brewers,0.241,0.85,18.4 %,37.4 %,44.1 %,10.3 %,17.6 %,5,3.6 %,3,75.0 %,45.8 %,32.3 %,22.0 %,20.1 %,40.2 %,39.7 %
120,Albert Pujols,Angels,0.247,1.07,22.3 %,40.2 %,37.5 %,17.9 %,12.6 %,7,4.3 %,0,0.0 %,46.9 %,35.2 %,17.9 %,18.9 %,38.7 %,42.4 %
121,J.T. Realmuto,Marlins,0.316,1.08,23.1 %,39.9 %,36.9 %,11.2 %,15.7 %,13,9.0 %,0,0.0 %,45.2 %,35.3 %,19.6 %,17.4 %,43.5 %,39.1 %
122,Nicholas Castellanos,Tigers,0.363,1.01,28.7 %,35.9 %,35.4 %,3.2 %,14.0 %,12,7.5 %,0,0.0 %,45.8 %,29.1 %,25.1 %,12.4 %,40.0 %,47.6 %
123,Willson Contreras,Cubs,0.323,1.63,17.0 %,51.5 %,31.5 %,10.6 %,8.7 %,14,8.2 %,2,22.2 %,41.3 %,31.3 %,27.4 %,22.4 %,48.1 %,29.5 %
124,Yolmer Sanchez,White Sox,0.305,1.67,21.7 %,49.0 %,29.4 %,7.1 %,6.3 %,10,4.8 %,3,30.0 %,37.4 %,35.8 %,26.9 %,16.9 %,54.9 %,28.3 %
125,Bryce Harper,Nationals,0.283,1.05,21.4 %,40.3 %,38.3 %,3.6 %,24.6 %,6,4.1 %,1,33.3 %,43.0 %,29.8 %,27.3 %,11.6 %,46.6 %,41.9 %
126,Manny Machado,- - -,0.303,0.9,18.1 %,38.8 %,43.1 %,11.7 %,16.4 %,8,4.1 %,0,0.0 %,38.0 %,36.2 %,25.8 %,17.9 %,44.3 %,37.8 %
127,Christian Yelich,Brewers,0.369,2.33,24.9 %,52.5 %,22.5 %,5.4 %,33.3 %,14,6.5 %,1,33.3 %,35.8 %,37.5 %,26.7 %,14.7 %,38.0 %,47.4 %
128,Odubel Herrera,Phillies,0.289,1.14,18.4 %,43.5 %,38.1 %,14.2 %,14.2 %,14,7.9 %,1,25.0 %,39.7 %,33.6 %,26.8 %,27.0 %,47.9 %,25.1 %
129,Yasmani Grandal,Dodgers,0.267,1,16.9 %,41.6 %,41.6 %,11.4 %,18.7 %,3,2.4 %,0,0.0 %,48.0 %,33.5 %,18.6 %,20.3 %,39.5 %,40.2 %
130,Jesus Aguilar,Brewers,0.305,0.78,23.9 %,33.4 %,42.7 %,5.6 %,23.1 %,0,0.0 %,0,0.0 %,43.6 %,32.5 %,23.9 %,14.9 %,41.5 %,43.6 %
131,Whit Merrifield,Royals,0.349,0.99,29.7 %,35.0 %,35.2 %,12.7 %,6.9 %,8,4.7 %,1,25.0 %,34.6 %,35.4 %,30.1 %,14.6 %,48.5 %,37.0 %
132,Jonathan Schoop,- - -,0.258,1.2,17.5 %,45.0 %,37.5 %,19.8 %,16.0 %,11,7.0 %,1,50.0 %,42.5 %,35.6 %,21.9 %,23.7 %,48.4 %,27.9 %
133,Kole Calhoun,Angels,0.242,1.24,22.0 %,43.1 %,34.9 %,4.2 %,16.0 %,4,2.7 %,0,0.0 %,42.2 %,35.8 %,22.0 %,12.6 %,42.8 %,44.6 %
134,Andrelton Simmons,Angels,0.3,1.56,19.4 %,49.2 %,31.4 %,13.6 %,7.1 %,25,10.4 %,2,40.0 %,50.3 %,33.3 %,16.4 %,21.0 %,43.0 %,36.0 %
135,Jurickson Profar,Rangers,0.266,1.25,22.1 %,43.3 %,34.6 %,13.2 %,12.5 %,13,7.2 %,0,0.0 %,39.2 %,33.4 %,27.4 %,20.9 %,42.6 %,36.5 %
136,Corey Dickerson,Pirates,0.328,1.03,26.6 %,37.3 %,36.1 %,8.3 %,7.6 %,10,6.7 %,2,100.0 %,30.9 %,36.1 %,32.9 %,18.3 %,47.5 %,34.2 %
137,Cesar Hernandez,Phillies,0.319,1.33,20.6 %,45.3 %,34.1 %,4.3 %,9.2 %,14,7.5 %,8,53.3 %,40.2 %,32.7 %,27.1 %,19.9 %,56.1 %,24.1 %
138,Derek Dietrich,Marlins,0.336,1.09,23.5 %,39.8 %,36.7 %,14.8 %,12.5 %,1,0.7 %,0,0.0 %,41.0 %,34.7 %,24.4 %,18.6 %,44.7 %,36.7 %
139,Scooter Gennett,Reds,0.368,1.1,23.8 %,39.9 %,36.3 %,6.9 %,14.4 %,12,6.8 %,1,16.7 %,40.0 %,32.4 %,27.5 %,15.9 %,44.5 %,39.6 %
140,Marcell Ozuna,Cardinals,0.31,1.34,17.5 %,47.2 %,35.3 %,10.1 %,13.8 %,12,5.6 %,0,0.0 %,42.4 %,34.8 %,22.8 %,16.0 %,38.8 %,45.2 %
141,Tucker Barnhart,Reds,0.285,1.44,24.4 %,44.5 %,31.0 %,8.3 %,8.3 %,4,2.6 %,4,50.0 %,43.3 %,32.6 %,24.2 %,13.5 %,48.6 %,37.9 %
142,Billy Hamilton,Reds,0.307,1.07,27.1 %,37.7 %,35.1 %,17.1 %,3.3 %,14,10.6 %,4,30.8 %,34.7 %,33.9 %,31.4 %,27.3 %,54.0 %,18.7 %
143,Mike Trout,Angels,0.355,0.73,23.6 %,32.2 %,44.2 %,8.8 %,24.3 %,11,10.2 %,0,0.0 %,41.2 %,36.7 %,22.1 %,15.8 %,39.7 %,44.5 %
"1
Page size:
select

   - 10
   - 20
   - 50
   - 500

 *143* items in *1* pages",,,,,,,,,,,,,,,,,,,